Date,AQI,PM2.5,PM10,CO,NO,NO2,O3,SO2,NH3
2021-11-29,180,145,180,1779,2,46,96,30,21
2021-11-30,161,124,161,2152,4,58,74,30,27
2021-12-01,153,122,153,1726,3,41,86,22,23
2021-12-02,323,264,323,5082,73,97,65,47,59
2021-12-03,196,163,196,2192,8,53,82,21,26
2021-12-04,310,252,310,3839,40,68,48,25,37
2021-12-05,366,271,366,5004,47,120,23,45,53
2021-12-06,357,287,357,5364,74,92,63,51,61
2021-12-07,272,220,272,3660,25,82,49,42,45
2021-12-08,210,166,210,2610,8,67,67,39,32
2021-12-09,171,136,171,2107,4,54,76,31,26
2021-12-10,236,195,236,2988,16,83,64,38,34
2021-12-11,362,305,362,4360,34,99,87,32,45
2021-12-12,338,276,338,3950,19,104,58,33,43
2021-12-13,508,424,508,7169,81,150,29,59,84
2021-12-14,271,212,271,3336,25,78,60,51,39
2021-12-15,175,119,175,2417,22,51,46,26,33
2021-12-16,142,99,142,1480,1,38,91,30,18
2021-12-17,130,105,130,1379,1,33,102,31,16
2021-12-18,246,196,246,3770,35,88,64,53,46
2021-12-19,522,427,522,6710,76,133,76,58,73
2021-12-20,248,183,248,3309,29,91,56,24,28
2021-12-21,245,177,245,3450,33,88,32,30,25
2021-12-22,120,71,120,1362,7,46,60,9,12
2021-12-23,186,127,186,1470,1,51,60,34,10
2021-12-24,226,175,226,1492,0,35,87,15,9
2021-12-25,61,36,61,512,0,14,77,4,3
2021-12-26,147,122,147,1554,0,48,59,53,11
2021-12-27,158,141,158,1471,0,29,93,25,10
2021-12-28,207,179,207,2319,8,52,85,33,20
2021-12-29,185,155,185,2129,3,55,71,32,20
2021-12-30,102,78,102,1133,1,28,94,22,12
2021-12-31,117,95,117,1463,1,35,92,20,16
2022-01-01,102,81,102,1160,1,25,96,17,13
2022-01-02,136,102,136,1597,2,47,85,35,20
2022-01-03,201,161,201,1912,3,54,73,46,20
2022-01-04,119,89,119,1488,4,46,71,32,13
2022-01-05,91,66,91,1167,2,38,51,31,7
2022-01-06,58,51,58,1117,1,25,91,20,8
2022-01-07,70,54,70,1264,2,32,60,20,9
2022-01-08,175,143,175,2961,16,68,40,29,30
2022-01-09,227,187,227,2807,12,65,56,39,26
2022-01-10,285,239,285,4188,36,89,41,56,39
2022-01-11,269,232,269,3947,36,75,50,32,35
2022-01-12,336,282,336,4558,46,94,40,73,39
2022-01-13,214,173,214,3038,15,74,54,41,31
2022-01-14,106,86,106,1440,1,34,91,25,15
2022-01-15,101,82,101,1095,0,24,107,23,11
2022-01-16,149,119,149,2209,10,55,74,33,26
2022-01-17,260,206,260,3901,41,76,53,37,45
2022-01-18,326,271,326,4251,60,59,65,25,37
2022-01-19,99,47,99,527,0,9,90,4,3
2022-01-20,182,40,182,323,0,4,91,2,0
2022-01-21,481,87,481,366,0,6,112,8,2
2022-01-22,219,43,219,399,0,9,92,18,3
2022-01-24,443,323,443,4764,26,153,71,71,59
2022-01-24,337,250,337,3780,31,84,84,52,40
2022-01-25,572,470,572,6633,40,185,61,63,55
2022-01-26,456,379,456,5297,35,127,86,71,51
2022-01-27,410,350,410,4676,40,99,120,63,39
2022-01-28,69,45,69,788,1,22,89,7,6
2022-01-29,156,100,156,1788,12,46,74,13,15
2022-01-30,86,41,86,595,1,16,91,5,5
2022-01-31,508,403,508,5782,43,151,103,39,50
2022-02-01,205,75,205,594,1,16,88,6,4
2022-02-02,839,189,839,956,2,32,90,15,11
2022-02-03,290,93,290,930,4,27,74,13,13
2022-02-04,90,31,90,419,0,10,87,3,3
2022-02-05,66,26,66,297,0,4,106,2,1
2022-02-06,95,46,95,706,2,20,82,7,6
2022-02-07,56,26,56,424,0,10,95,5,3
2022-02-08,268,207,268,3213,18,88,120,32,30
2022-02-09,319,238,319,3853,32,92,73,31,42
2022-02-10,311,249,311,3880,19,113,103,37,40
2022-02-11,94,60,94,1249,6,34,74,10,13
2022-02-12,37,19,37,386,0,8,104,4,3
2022-02-13,195,157,195,2784,21,73,78,25,25
2022-02-14,226,182,226,3256,19,98,56,26,34
2022-02-15,261,174,261,3024,31,74,50,20,31
2022-02-16,235,130,235,1886,15,56,57,17,19
2022-02-17,156,93,156,1795,13,48,51,14,19
2022-02-18,472,389,472,4631,23,111,140,31,45
2022-02-19,121,82,121,847,0,18,87,7,9
2022-02-21,94,27,94,380,0,8,88,3,2
2022-02-21,143,38,143,364,0,8,102,3,1
2022-02-22,234,98,234,1672,10,52,77,13,18
2022-02-23,286,187,286,3322,27,91,59,24,35
2022-02-24,124,54,124,820,2,26,84,7,8
2022-02-25,252,183,252,2778,16,80,120,22,25
2022-02-26,186,126,186,2035,8,44,101,24,25
2022-02-27,276,215,276,3138,7,97,129,32,33
2022-02-28,180,133,180,1580,5,43,128,13,13
2022-03-01,174,130,174,1981,6,65,82,20,19
2022-03-02,201,158,201,2389,6,77,119,29,26
2022-03-03,157,114,157,2224,18,64,57,17,19
2022-03-04,179,138,179,2688,21,79,71,17,28
2022-03-05,49,22,49,443,0,10,78,3,4
2022-03-06,85,42,85,828,2,26,67,7,8
2022-03-07,267,198,267,2679,5,81,122,21,32
2022-03-08,198,123,198,2272,14,66,46,15,27
2022-03-09,159,93,159,1973,18,58,47,16,22
2022-03-10,396,326,396,4853,36,137,109,24,35
2022-03-11,134,77,134,1653,14,47,47,9,19
2022-03-12,103,46,103,1010,7,29,41,6,11
2022-03-13,82,37,82,666,3,20,42,5,7
2022-03-14,86,42,86,574,2,17,53,4,5
2022-03-15,120,58,120,630,2,18,57,5,5
2022-03-16,119,59,119,587,2,16,55,4,4
2022-03-17,120,57,120,515,1,13,65,3,3
2022-03-18,211,66,211,512,1,13,94,3,3
2022-03-19,168,33,168,394,0,9,101,2,2
2022-03-20,82,28,82,547,1,16,104,5,4
2022-03-21,120,30,120,314,0,5,100,3,1
2022-03-22,108,38,108,366,1,9,73,3,2
2022-03-23,127,45,127,605,2,19,61,4,5
2022-03-24,265,108,265,1704,15,52,59,11,15
2022-03-25,213,80,213,972,7,29,54,5,9
2022-03-26,108,59,108,620,2,18,70,4,6
2022-03-27,139,52,139,439,1,12,76,3,3
2022-03-28,151,42,151,442,0,12,105,3,3
2022-03-29,355,140,355,1465,6,49,77,13,20
2022-03-30,553,275,553,3038,24,91,62,22,42
2022-03-31,300,211,300,3814,52,99,37,21,38
2022-04-01,143,79,143,1203,9,38,49,7,12
2022-04-02,115,61,115,1135,10,34,49,7,11
2022-04-03,97,45,97,573,2,19,66,5,5
2022-04-04,123,58,123,486,1,14,66,4,3
2022-04-05,118,58,118,497,1,14,62,3,3
2022-04-06,134,62,134,610,3,19,65,4,4
2022-04-07,162,64,162,448,1,12,96,3,2
2022-04-08,123,58,123,446,1,12,90,2,2
2022-04-09,137,60,137,473,1,13,98,3,2
2022-04-10,113,51,113,438,1,10,76,3,2
2022-04-11,117,54,117,412,1,9,86,3,1
2022-04-12,108,45,108,456,1,12,72,3,2
2022-04-13,139,56,139,498,2,14,72,4,3
2022-04-14,137,54,137,466,1,12,69,3,2
2022-04-15,107,41,107,368,1,8,57,2,1
2022-04-16,112,41,112,338,0,6,57,2,1
2022-04-17,98,40,98,418,1,10,59,3,2
2022-04-18,90,37,90,380,0,8,61,3,1
2022-04-19,94,37,94,412,1,9,63,3,2
2022-04-20,110,32,110,409,1,9,68,3,1
2022-04-21,107,35,107,394,1,10,60,3,1
2022-04-22,59,18,59,345,1,6,38,2,1
2022-04-23,77,16,77,354,1,7,45,2,1
2022-04-24,76,15,76,331,1,7,45,2,2
2022-04-25,75,14,75,346,1,9,42,2,2
2022-04-26,102,29,102,422,2,12,45,3,2
2022-04-27,127,45,127,359,1,7,57,2,1
2022-04-28,180,56,180,371,0,8,84,2,1
2022-04-29,179,53,179,376,0,7,92,2,1
2022-04-30,198,51,198,314,0,4,94,1,0
2022-05-01,183,41,183,245,0,3,102,2,0
2022-05-02,159,40,159,331,0,5,61,1,0
2022-05-03,165,43,165,338,0,6,73,2,0
2022-05-04,176,50,176,495,2,15,88,3,2
2022-05-05,318,78,318,378,1,9,65,3,1
2022-05-06,271,74,271,288,0,4,70,1,0
2022-05-07,158,43,158,288,0,4,60,1,0
2022-05-08,134,37,134,307,0,6,55,2,0
2022-05-09,145,53,145,395,1,11,62,2,1
2022-05-10,113,39,113,360,0,10,98,3,1
2022-05-11,129,45,129,422,1,13,92,2,2
2022-05-12,258,65,258,338,0,8,111,2,1
2022-05-13,277,92,277,276,0,5,70,1,0
2022-05-14,498,104,498,246,0,3,69,1,0
2022-05-15,484,144,484,423,1,11,86,2,1
2022-05-16,340,101,340,352,0,8,97,2,1
2022-05-17,405,140,405,343,0,9,91,2,1
2022-05-18,351,99,351,333,1,8,61,2,1
2022-05-19,252,71,252,252,0,4,60,1,0
2022-05-20,251,71,251,243,0,2,56,1,0
2022-05-21,240,59,240,237,0,2,49,1,0
2022-05-22,488,105,488,307,1,6,57,1,1
2022-05-23,239,48,239,279,0,5,46,1,0
2022-05-24,162,28,162,271,0,4,41,2,0
2022-05-25,121,29,121,254,0,3,40,1,0
2022-05-26,165,38,165,244,0,3,43,1,0
2022-05-27,211,38,211,232,0,2,47,1,0
2022-05-28,244,41,244,242,0,3,50,1,0
2022-05-29,215,37,215,250,0,3,47,1,0
2022-05-30,127,27,127,254,0,3,44,1,0
2022-05-31,142,30,142,257,0,4,45,1,0
2022-06-01,171,31,171,286,1,5,41,1,0
2022-06-02,196,34,196,267,0,4,45,1,0
2022-06-03,120,21,120,244,0,3,38,1,0
2022-06-04,108,20,108,243,0,2,39,1,0
2022-06-05,113,22,113,253,0,3,41,1,0
2022-06-06,89,18,89,247,0,3,42,1,0
2022-06-07,89,17,89,238,0,2,39,1,0
2022-06-08,80,15,80,245,0,3,36,1,0
2022-06-09,79,18,79,258,0,4,40,1,0
2022-06-10,81,22,81,255,0,3,43,1,0
2022-06-11,95,26,95,297,1,5,38,1,0
2022-06-12,83,24,83,353,2,8,34,2,1
2022-06-13,67,23,67,342,2,7,33,2,1
2022-06-14,77,19,77,260,0,4,42,1,0
2022-06-15,98,22,98,238,0,2,41,1,0
2022-06-16,112,27,112,265,1,4,35,1,0
2022-06-17,104,27,104,235,0,2,42,1,0
2022-06-18,114,29,114,251,0,3,41,1,0
2022-06-19,160,32,160,232,0,2,41,1,0
2022-06-20,200,41,200,275,0,4,44,1,0
2022-06-21,206,42,206,462,4,12,42,2,1
2022-06-22,198,46,198,1047,15,31,36,7,5
2022-06-23,175,34,175,390,2,10,35,2,1
2022-06-24,196,38,196,270,0,4,44,1,0
2022-06-25,176,38,176,335,1,7,38,2,0
2022-06-26,171,36,171,348,1,8,37,2,1
2022-06-27,141,36,141,511,5,15,31,5,2
2022-06-28,77,26,77,265,0,4,36,1,0
2022-06-29,80,28,80,252,0,3,36,1,0
2022-06-30,143,47,143,256,0,3,38,1,0
2022-07-01,126,42,126,258,0,4,36,1,0
2022-07-02,93,40,93,550,6,16,24,3,1
2022-07-03,33,18,33,642,11,17,18,5,2
2022-07-04,22,17,22,666,6,27,23,16,3
2022-07-05,63,56,63,1906,37,66,6,45,5
2022-07-06,17,13,17,506,2,23,15,21,2
2022-07-07,18,15,18,609,4,21,23,11,2
2022-07-08,10,7,10,262,0,4,36,1,0
2022-07-09,15,11,15,243,0,3,39,1,0
2022-07-10,22,13,22,244,0,3,40,1,0
2022-07-11,53,24,53,249,0,3,42,1,0
2022-07-12,61,30,61,331,1,7,45,3,0
2022-07-13,98,57,98,2360,66,54,14,17,9
2022-07-14,29,23,29,966,4,32,39,13,4
2022-07-15,18,12,18,683,0,11,82,7,1
2022-07-16,20,15,20,625,0,17,75,15,1
2022-07-17,24,17,24,316,1,7,40,4,0
2022-07-18,29,21,29,279,0,5,34,2,0
2022-07-19,59,32,59,223,0,1,34,1,0
2022-07-22,63,30,63,254,0,4,42,1,0
2022-07-22,72,24,72,240,0,3,37,1,0
2022-07-23,49,17,49,258,0,4,32,1,0
2022-07-24,10,8,10,323,0,7,32,4,0
2022-07-25,36,18,36,253,0,4,31,2,0
2022-07-26,35,18,35,245,0,4,32,2,0
2022-07-27,44,15,44,228,0,3,31,1,0
2022-07-28,59,16,59,233,0,3,29,1,0
2022-07-29,72,19,72,214,0,2,32,1,0
2022-07-30,86,22,86,218,0,2,32,1,0
2022-07-31,133,29,133,240,0,2,32,1,0
2022-08-01,128,29,128,259,0,4,34,1,0
2022-08-02,134,34,134,285,0,6,33,2,0
2022-08-03,95,33,95,553,8,13,24,4,2
2022-08-04,76,27,76,467,4,14,26,4,2
2022-08-05,51,15,51,305,0,7,29,2,0
2022-08-06,52,18,52,373,0,11,23,3,1
2022-08-07,148,43,148,422,1,12,31,5,1
2022-08-08,124,52,124,1512,20,47,31,15,7
2022-08-09,92,64,92,2665,46,69,7,21,11
2022-08-10,60,53,60,1733,8,60,33,16,8
2022-08-11,35,23,35,714,0,25,32,19,3
2022-08-12,25,13,25,300,0,7,36,5,1
2022-08-13,53,30,53,615,4,21,49,15,2
2022-08-14,17,14,17,530,0,20,38,9,2
2022-08-15,45,38,45,1233,20,40,29,31,5
2022-08-16,16,11,16,330,0,7,45,3,0
2022-08-17,43,16,43,251,0,3,38,1,0
2022-08-18,121,26,121,232,0,3,34,1,0
2022-08-19,104,24,104,228,0,3,31,1,0
2022-08-20,93,23,93,233,0,3,31,1,0
2022-08-21,94,24,94,269,0,4,34,2,0
2022-08-22,126,31,126,334,0,8,31,3,1
2022-08-23,102,32,102,266,0,4,43,1,0
2022-08-24,122,28,122,256,0,3,44,1,0
2022-08-25,95,24,95,276,0,3,44,1,0
2022-08-26,71,18,71,253,0,2,40,1,0
2022-08-27,71,17,71,250,0,2,42,1,0
2022-08-28,77,18,77,274,0,5,41,2,0
2022-08-29,81,19,81,326,0,8,38,3,1
2022-08-30,60,13,60,313,1,7,42,3,1
2022-08-31,27,8,27,289,0,4,36,2,0
2022-09-01,28,8,28,317,0,7,33,2,1
2022-09-02,21,6,21,259,0,3,36,1,0
2022-09-03,30,9,30,236,0,1,35,1,0
2022-09-04,49,12,49,256,0,3,38,1,0
2022-09-05,53,13,53,315,1,6,40,3,1
2022-09-06,59,21,59,745,10,20,33,6,5
2022-09-07,55,20,55,699,6,23,36,6,4
2022-09-08,97,50,97,1612,17,53,40,10,10
2022-09-09,99,57,99,1751,21,54,44,8,11
2022-09-10,37,15,37,419,1,14,37,3,2
2022-09-11,56,24,56,895,14,24,18,7,6
2022-09-12,107,29,107,774,7,25,29,7,5
2022-09-13,147,28,147,590,3,19,42,5,4
2022-09-14,97,23,97,308,0,5,49,2,1
2022-09-15,76,18,76,261,0,3,48,1,0
2022-09-16,84,20,84,246,0,3,53,1,0
2022-09-17,70,19,70,440,3,11,41,3,2
2022-09-18,40,13,40,357,1,8,45,3,1
2022-09-19,31,11,31,257,0,4,60,2,0
2022-09-20,28,8,28,247,0,4,65,2,0
2022-09-21,31,8,31,231,0,4,65,1,0
2022-09-22,32,7,32,222,0,3,61,1,0
2022-09-23,47,11,47,212,0,2,62,1,0
2022-09-24,53,13,53,218,0,3,60,1,0
2022-09-25,34,12,34,428,3,13,40,3,2
2022-09-26,32,10,32,345,2,9,51,3,1
2022-09-27,28,8,28,250,0,5,54,2,0
2022-09-28,19,6,19,246,0,5,57,2,1
2022-09-29,16,5,16,245,0,5,56,2,1
2022-09-30,9,3,9,215,0,2,39,1,0
2022-10-01,7,3,7,222,0,3,35,1,0
2022-10-02,10,4,10,268,0,6,49,2,1
2022-10-03,33,8,33,365,2,10,51,3,2
2022-10-04,85,17,85,409,2,12,50,4,3
2022-10-05,83,19,83,356,1,10,57,4,2
2022-10-06,213,48,213,854,6,28,43,7,7
2022-10-07,157,96,157,2668,32,66,48,18,25
2022-10-08,247,198,247,3482,25,103,82,19,27
2022-10-09,256,176,256,3709,46,92,27,20,33
2022-10-10,238,118,238,2338,24,70,25,16,22
2022-10-11,177,89,177,1830,22,52,48,12,15
2022-10-12,125,53,125,1006,4,39,54,10,9
2022-10-13,105,52,105,1217,7,42,48,11,12
2022-10-14,82,37,82,830,3,29,61,6,7
2022-10-15,101,48,101,1232,8,41,55,9,12
2022-10-16,117,60,117,1503,11,49,49,11,16
2022-10-17,90,33,90,729,4,25,67,6,6
2022-10-18,97,31,97,483,2,16,83,5,3
2022-10-19,111,43,111,486,1,16,87,5,3
2022-10-20,315,236,315,3099,10,110,119,34,20
2022-10-21,187,140,187,2579,7,83,78,22,27
2022-10-22,245,200,245,3342,21,103,76,21,29
2022-10-23,70,44,70,582,1,18,89,6,4
2022-10-24,64,36,64,336,0,5,98,3,1
2022-10-25,95,45,95,425,1,12,95,4,2
2022-10-26,120,56,120,752,5,24,78,7,5
2022-10-27,144,81,144,1365,9,51,65,17,11
2022-10-28,88,51,88,683,1,23,77,8,5
2022-10-29,72,44,72,595,0,19,80,6,4
2022-10-30,71,40,71,532,1,18,77,6,4
2022-10-31,77,45,77,432,0,12,92,5,3
2022-11-01,92,60,92,867,3,30,75,9,7
2022-11-02,92,60,92,655,1,21,78,7,8
2022-11-03,88,54,88,805,2,28,66,7,5
2022-11-04,84,59,84,687,1,22,88,5,5
2022-11-05,63,48,63,487,0,12,92,5,3
2022-11-06,39,31,39,536,1,15,78,6,4
2022-11-07,125,97,125,1667,7,56,94,29,16
2022-11-08,220,181,220,2755,10,81,118,32,25
2022-11-09,176,137,176,2106,6,68,92,23,17
2022-11-10,307,232,307,4621,38,134,31,35,48
2022-11-11,242,169,242,3342,39,70,40,22,32
2022-11-12,169,91,169,1769,18,43,56,13,17
2022-11-13,98,32,98,500,1,15,71,4,3
2022-11-14,161,96,161,1609,3,42,89,28,15
2022-11-15,176,121,176,2042,6,64,116,36,22
2022-11-16,184,126,184,1643,4,49,105,24,12
2022-11-17,129,65,129,1000,5,28,71,8,8
2022-11-18,70,30,70,370,0,9,79,4,2
2022-11-19,215,155,215,2639,9,91,66,26,26
2022-11-20,211,142,211,1900,5,50,78,21,22
2022-11-21,283,201,283,2853,8,90,80,38,27
2022-11-22,393,305,393,4600,24,136,86,43,49
2022-11-23,221,166,221,2507,12,73,60,21,20
2022-11-24,199,145,199,3120,30,84,32,22,27
2022-11-25,234,183,234,2752,18,73,94,24,25
2022-11-26,145,102,145,1736,7,55,70,17,14
2022-11-27,445,358,445,4924,22,140,96,66,42
2022-11-28,258,193,258,2994,17,75,48,30,35
2022-11-29,252,189,252,2790,12,76,61,35,31
2022-11-30,334,262,334,4285,27,112,57,44,53
2022-12-01,291,237,291,3880,50,66,56,26,44
2022-12-02,300,223,300,3668,20,107,49,33,33
2022-12-03,383,297,383,4790,39,114,45,38,57
2022-12-04,371,290,371,4087,36,86,49,31,48
2022-12-05,605,471,605,6721,60,159,29,62,72
2022-12-06,511,413,511,6059,60,124,46,44,68
2022-12-07,461,357,461,5645,72,101,38,40,64
2022-12-08,363,260,363,4499,53,75,1,20,27
2022-12-11,182,122,182,1102,0,22,115,22,12
2022-12-11,138,99,138,1517,1,38,84,25,20
2022-12-12,117,84,117,1373,1,33,83,22,18
2022-12-13,167,118,167,2564,26,53,66,30,31
2022-12-14,345,272,345,4971,43,118,47,47,61
2022-12-15,437,357,437,6327,82,114,39,47,75
2022-12-16,272,215,272,3668,28,93,46,25,28
2022-12-17,389,316,389,4551,28,126,75,33,49
2022-12-18,548,449,548,6670,65,155,70,56,75
2022-12-19,375,294,375,5024,71,73,29,39,61
2022-12-20,304,235,304,4058,25,109,41,41,52
2022-12-21,174,134,174,2688,24,56,56,26,36
2022-12-22,440,351,440,6420,104,93,30,46,77
2022-12-23,233,165,233,2950,28,62,48,38,34
2022-12-24,189,122,189,1510,0,33,68,16,20
2022-12-26,387,279,387,5256,57,128,32,75,65
2022-12-26,296,199,296,3345,26,75,44,37,41
2022-12-27,381,277,381,4088,31,102,68,35,46
2022-12-28,74,51,74,531,0,11,107,8,3
2022-12-29,255,200,255,4610,47,119,43,44,57
2022-12-30,117,83,117,1433,3,38,102,25,17
2022-12-31,122,80,122,1591,8,41,62,22,15
2023-01-01,482,378,482,6665,67,145,34,55,72
2023-01-02,161,117,161,1791,3,44,75,28,23
2023-01-03,132,82,132,1337,1,34,90,28,18
2023-01-04,125,75,125,1267,2,31,89,24,17
2023-01-05,107,61,107,1024,1,26,94,22,14
2023-01-06,124,81,124,1382,1,37,88,23,17
2023-01-07,305,253,305,3695,15,111,78,33,41
2023-01-08,597,503,597,7135,60,162,77,47,81
2023-01-09,617,490,617,6664,53,147,46,54,69
2023-01-10,51,30,51,643,1,17,72,5,5
2023-01-11,255,54,255,449,1,12,79,18,4
2023-01-12,120,55,120,1148,3,38,65,29,16
2023-01-13,128,88,128,1773,7,50,67,33,25
2023-01-14,188,138,188,2214,14,51,95,31,26
2023-01-15,242,170,242,2711,13,75,54,64,25
2023-01-16,446,347,446,4878,24,135,76,51,59
2023-01-17,459,349,459,5736,60,127,34,50,68
2023-01-18,262,190,262,3076,16,78,53,39,36
2023-01-19,99,80,99,1332,2,38,98,24,16
2023-01-20,102,79,102,1345,3,32,87,17,17
2023-01-21,169,131,169,2487,14,61,60,27,30
2023-01-22,104,76,104,1708,5,45,63,24,25
2023-01-23,163,124,163,2426,17,55,60,29,33
2023-01-24,346,274,346,4776,32,140,35,62,64
2023-01-25,97,67,97,1497,5,37,72,22,22
2023-01-26,95,64,95,1188,1,30,102,27,16
2023-01-27,115,84,115,1871,6,47,77,25,23
2023-01-28,135,108,135,1908,10,43,69,19,23
2023-01-29,360,305,360,4778,33,129,80,34,54
2023-01-30,158,111,158,1991,6,49,76,31,27
2023-01-31,207,148,207,2470,7,64,85,38,30
2023-02-01,479,384,479,5012,18,145,105,35,52
2023-02-02,575,483,575,7651,80,178,73,44,72
2023-02-03,386,314,386,4529,31,127,72,27,38
2023-02-04,94,46,94,652,1,18,66,5,5
2023-02-05,181,115,181,2087,17,58,60,18,21
2023-02-06,710,593,710,8433,88,193,119,46,73
2023-02-07,133,65,133,1426,9,45,47,12,16
2023-02-08,79,32,79,526,2,16,72,5,4
2023-02-09,74,29,74,334,0,7,90,3,1
2023-02-10,245,170,245,3052,14,88,72,23,33
2023-02-11,205,131,205,3152,24,80,52,33,40
2023-02-12,238,160,238,2719,10,89,103,31,34
2023-02-13,127,64,127,969,3,31,106,10,10
2023-02-14,199,128,199,2758,35,69,28,25,33
2023-02-15,132,78,132,1521,12,45,42,12,17
2023-02-16,222,159,222,3069,34,77,37,20,34
2023-02-17,483,409,483,6357,73,144,70,35,64
2023-02-18,127,80,127,1606,16,41,34,10,15
2023-02-19,113,46,113,736,3,22,79,5,7
2023-02-20,241,150,241,3038,37,74,61,22,33
2023-02-21,61,22,61,381,0,8,105,4,2
2023-02-22,58,23,58,355,0,6,119,4,1
2023-02-25,98,44,98,559,2,16,74,5,4
2023-02-25,60,33,60,558,1,16,65,5,5
2023-02-26,140,87,140,1745,19,45,41,14,21
2023-02-27,129,71,129,1146,8,34,57,9,12
2023-02-28,130,77,130,1486,8,49,47,16,16
2023-03-01,252,192,252,3230,9,106,106,30,36
2023-03-02,255,202,255,3716,11,106,89,30,41
2023-03-03,115,86,115,1379,0,29,79,14,24
2023-03-05,326,272,326,3736,18,103,125,21,38
2023-03-05,201,150,201,2648,17,77,63,17,30
2023-03-06,153,94,153,1910,14,59,42,14,24
2023-03-07,147,95,147,1881,15,56,41,13,23
2023-03-08,412,337,412,5374,51,142,86,27,46
2023-03-09,246,190,246,3904,45,99,42,20,38
2023-03-10,111,78,111,1507,10,46,58,10,19
2023-03-11,65,47,65,1063,5,34,54,7,12
2023-03-12,85,65,85,1303,8,40,50,10,15
2023-03-13,66,44,66,1004,7,32,43,10,11
2023-03-14,69,35,69,588,3,16,55,6,5
2023-03-15,70,32,70,480,1,14,57,4,3
2023-03-16,101,49,101,938,7,29,56,7,9
2023-03-17,212,160,212,2165,10,61,102,16,21
2023-03-18,135,97,135,1601,8,46,77,15,16
2023-03-19,87,50,87,1015,11,29,49,10,10
2023-03-20,32,19,32,362,0,6,53,3,2
2023-03-21,21,15,21,430,1,9,45,4,3
2023-03-22,14,8,14,317,0,6,56,3,1
2023-03-23,42,12,42,286,0,4,116,2,1
2023-03-24,64,14,64,313,0,5,117,3,1
2023-03-25,77,24,77,516,0,12,98,5,5
2023-03-26,63,24,63,568,1,16,92,6,6
2023-03-27,50,20,50,371,0,8,90,4,2
2023-03-28,59,21,59,291,0,5,69,2,1
2023-03-29,51,19,51,315,0,6,106,3,1
2023-03-30,74,29,74,459,1,11,124,3,2
2023-03-31,51,20,51,283,0,5,96,2,1
2023-04-01,81,27,81,258,0,3,86,2,0
2023-04-02,87,27,87,277,0,5,90,2,0
2023-04-03,46,16,46,394,1,10,112,3,2
2023-04-04,43,18,43,465,1,14,116,4,3
2023-04-05,49,26,49,633,2,21,98,6,5
2023-04-06,61,34,61,936,6,31,78,8,8
2023-04-07,63,30,63,750,4,23,75,5,6
2023-04-08,55,23,55,500,2,14,68,4,4
2023-04-09,95,36,95,650,4,20,54,6,5
2023-04-10,78,33,78,696,4,25,48,8,6
2023-04-11,88,43,88,962,7,31,47,6,8
2023-04-12,84,31,84,522,3,15,43,4,4
2023-04-13,91,33,91,493,2,16,55,4,3
2023-04-14,89,32,89,523,3,15,57,4,3
2023-04-15,62,27,62,370,1,8,78,2,1
2023-04-16,61,24,61,419,1,11,68,3,2
2023-04-17,50,21,50,462,1,12,74,5,3
2023-04-18,74,22,74,422,1,11,83,3,3
2023-04-19,66,22,66,471,1,13,87,3,2
2023-04-20,49,20,49,361,1,8,59,2,1
2023-04-21,60,27,60,333,0,6,78,2,0
2023-04-22,75,34,75,517,2,15,76,3,3
2023-04-23,76,37,76,762,5,23,49,5,6
2023-04-24,54,33,54,764,5,21,57,7,6
2023-04-25,19,11,19,535,2,14,61,4,5
2023-04-26,15,9,15,356,0,6,56,2,1
2023-04-27,13,8,13,357,0,8,45,3,1
2023-04-28,39,29,39,657,2,16,73,11,5
2023-04-29,22,13,22,398,1,8,73,5,2
2023-04-30,26,13,26,380,0,9,72,4,1
2023-05-01,35,15,35,384,1,9,60,4,1
2023-05-02,51,19,51,377,1,9,58,4,1
2023-05-03,56,20,56,434,1,13,56,5,2
2023-05-04,61,21,61,409,1,12,57,4,2
2023-05-05,47,16,47,356,1,8,56,2,1
2023-05-06,76,22,76,320,0,6,50,2,1
2023-05-07,133,23,133,392,1,10,49,2,1
2023-05-08,155,25,155,481,2,15,46,3,2
2023-05-09,126,23,126,460,1,14,49,4,2
2023-05-10,73,19,73,397,1,11,52,2,2
2023-05-11,39,12,39,330,1,8,45,2,1
2023-05-12,49,12,49,281,0,4,44,1,0
2023-05-13,45,14,45,262,0,3,43,1,0
2023-05-14,71,14,71,246,0,3,41,1,0
2023-05-15,58,12,58,268,0,3,34,1,0
2023-05-16,52,11,52,268,0,3,33,1,0
2023-05-17,66,13,66,300,1,4,35,2,0
2023-05-18,64,11,64,378,2,8,31,2,1
2023-05-19,56,9,56,274,0,3,33,1,0
2023-05-20,60,9,60,256,0,2,35,1,0
2023-05-21,67,12,67,267,0,3,39,1,0
2023-05-22,59,12,59,294,0,4,32,1,0
2023-05-23,57,11,57,275,0,3,39,1,0
2023-05-24,58,12,58,272,0,2,37,1,0
2023-05-25,76,15,76,271,0,3,36,1,0
2023-05-26,75,15,75,259,0,2,33,1,0
2023-05-27,74,15,74,291,0,4,31,1,0
2023-05-28,86,14,86,357,2,7,26,2,1
2023-05-29,49,9,49,290,0,4,25,2,0
2023-05-30,31,7,31,268,0,3,29,1,0
2023-05-31,40,10,40,275,0,3,31,1,0
2023-06-01,67,15,67,300,0,5,36,1,0
2023-06-02,80,16,80,285,0,3,40,1,0
2023-06-03,98,17,98,304,1,5,40,1,0
2023-06-04,73,13,73,281,0,4,39,2,0
2023-06-05,70,14,70,311,1,6,36,2,0
2023-06-06,77,17,77,298,1,6,45,2,0
2023-06-07,61,11,61,259,0,4,40,2,0
2023-06-08,53,12,53,250,0,3,46,1,0
2023-06-09,61,14,61,255,0,3,54,1,0
2023-06-10,18,8,18,539,6,15,32,4,2
2023-06-11,61,43,61,1781,21,58,59,22,9
2023-06-12,14,7,14,331,0,11,28,14,1
2023-06-13,20,13,20,332,1,9,34,9,1
2023-06-14,24,14,24,397,0,12,38,13,2
2023-06-15,58,20,58,853,14,22,17,8,5
2023-06-16,187,31,187,252,0,3,44,1,0
2023-06-17,77,18,77,244,0,2,42,1,0
2023-06-18,70,16,70,259,0,3,49,1,0
2023-06-19,130,29,130,252,0,2,56,1,0
2023-06-20,114,27,114,266,0,3,49,1,0
2023-06-21,104,24,104,262,0,3,41,1,0
2023-06-22,94,20,94,254,0,3,41,1,0
2023-06-23,83,20,83,253,0,3,37,1,0
2023-06-24,63,20,63,288,1,4,36,1,0
2023-06-25,45,19,45,258,0,3,34,1,0
2023-06-26,43,19,43,302,1,7,31,2,0
2023-06-27,49,17,49,278,0,5,31,1,0
2023-06-28,48,15,48,256,0,3,36,1,0
2023-06-29,50,14,50,242,0,2,34,1,0
2023-06-30,56,18,56,230,0,2,37,1,0
2023-07-01,83,23,83,252,0,3,39,1,0
2023-07-02,94,25,94,276,0,5,36,2,0
2023-07-03,78,22,78,262,0,3,45,1,0
2023-07-04,75,21,75,258,0,2,60,1,0
2023-07-05,70,24,70,410,3,11,45,2,0
2023-07-06,107,27,107,290,0,5,45,2,0
2023-07-07,162,38,162,275,0,5,42,2,0
2023-07-08,168,39,168,257,0,4,47,1,0
2023-07-09,110,24,110,249,0,3,46,1,0
2023-07-10,88,20,88,250,0,2,43,1,0
2023-07-11,75,17,75,246,0,2,39,1,0
2023-07-12,76,17,76,249,0,2,39,1,0
2023-07-13,62,14,62,236,0,2,37,1,0
2023-07-14,77,18,77,220,0,1,37,1,0
2023-07-15,72,16,72,227,0,1,37,1,0
2023-07-16,107,24,107,240,0,3,39,1,0
2023-07-17,117,26,117,236,0,2,37,1,0
2023-07-18,132,30,132,216,0,1,44,1,0
2023-07-20,162,33,162,309,0,9,24,2,0
2023-07-20,110,26,110,285,0,7,28,2,0
2023-07-21,93,28,93,289,0,7,29,2,0
2023-07-22,29,19,29,978,8,40,16,12,3
2023-07-23,12,9,12,672,0,19,48,16,1
2023-07-24,20,15,20,313,1,9,26,4,0
2023-07-25,22,14,22,283,1,6,-378,3,0
2023-07-26,35,16,35,239,0,3,37,1,0
2023-07-27,51,18,51,223,0,2,33,1,0
2023-07-28,67,20,67,211,0,1,36,1,0
2023-07-29,96,25,96,217,0,2,32,1,0
2023-07-30,115,28,115,232,0,2,31,1,0
2023-07-31,107,29,107,235,0,2,32,1,0
2023-08-01,109,27,109,232,0,2,36,1,0
2023-08-02,122,28,122,242,0,2,38,1,0
2023-08-03,129,30,129,253,0,3,38,1,0
2023-08-04,128,32,128,237,0,2,37,1,0
2023-08-05,119,28,119,221,0,1,36,1,0
2023-08-06,117,28,117,219,0,1,38,1,0
2023-08-07,129,31,129,229,0,2,39,1,0
2023-08-08,115,28,115,238,0,2,35,1,0
2023-08-09,97,24,97,240,0,2,35,1,0
2023-08-10,102,25,102,239,0,3,38,1,0
2023-08-11,85,21,85,220,0,1,35,1,0
2023-08-12,103,24,103,210,0,1,38,1,0
2023-08-13,109,25,109,222,0,3,39,1,0
2023-08-14,94,22,94,238,0,4,35,1,0
2023-08-15,70,19,70,237,0,3,33,1,0
2023-08-16,54,14,54,217,0,2,31,1,0
2023-08-17,57,14,57,226,0,2,33,1,0
2023-08-18,59,14,59,227,0,2,35,1,0
2023-08-19,46,13,46,236,0,3,37,1,0
2023-08-20,39,12,39,229,0,3,33,1,0
2023-08-21,44,12,44,221,0,3,30,1,0
2023-08-22,55,14,55,216,0,3,30,1,0
2023-08-23,72,18,72,209,0,3,31,1,0
2023-08-24,81,22,81,235,0,4,32,1,0
2023-08-25,70,20,70,203,0,3,31,1,0
2023-08-26,60,18,60,201,0,2,30,1,0
2023-08-27,61,19,61,217,0,2,30,1,0
2023-08-28,72,21,72,246,0,4,31,1,0
2023-08-29,75,21,75,282,1,6,30,2,0
2023-08-30,62,19,62,252,1,5,30,2,0
2023-08-31,62,23,62,570,9,13,22,3,3
2023-09-01,34,14,34,245,0,3,33,1,0
2023-09-02,29,14,29,222,0,2,33,1,0
2023-09-03,26,12,26,239,0,3,37,1,0
2023-09-04,34,13,34,269,0,5,38,2,0
2023-09-05,41,14,41,415,3,11,36,4,2
2023-09-06,48,12,48,293,0,6,38,2,1
2023-09-07,33,10,33,274,0,5,39,2,0
2023-09-08,23,8,23,258,0,3,39,1,0
2023-09-09,26,9,26,257,0,2,41,1,0
2023-09-10,30,10,30,246,0,3,45,1,0
2023-09-11,31,10,31,244,0,3,42,1,0
2023-09-12,37,12,37,276,0,5,44,2,0
2023-09-13,39,13,39,348,1,10,29,2,1
2023-09-14,34,14,34,405,3,11,32,3,2
2023-09-15,32,12,32,302,1,7,33,2,1
2023-09-16,38,11,38,255,0,5,39,2,0
2023-09-17,36,12,36,326,0,8,33,3,1
2023-09-18,39,12,39,413,0,13,29,4,2
2023-09-19,44,19,44,526,2,19,22,5,3
2023-09-20,105,55,105,1969,24,67,28,21,12
2023-09-21,148,79,148,1683,18,59,43,28,10
2023-09-22,131,21,131,284,0,6,42,3,1
2023-09-23,271,34,271,241,0,3,51,1,0
2023-09-24,456,69,456,282,0,6,60,3,1
2023-09-25,578,159,578,1375,15,32,44,12,7
2023-09-26,189,27,189,578,4,18,32,6,4
2023-09-27,191,35,191,544,3,18,38,5,3
2023-09-28,157,42,157,510,2,18,57,5,3
2023-09-29,133,42,133,346,0,10,56,3,2
2023-10-02,114,48,114,888,3,30,52,6,7
2023-10-02,103,23,103,358,0,10,50,4,2
2023-10-03,108,29,108,315,0,8,65,3,1
2023-10-04,111,33,111,278,0,5,75,2,0
2023-10-05,102,31,102,259,0,4,71,2,0
2023-10-06,85,29,85,240,0,3,75,1,0
2023-10-07,63,19,63,241,0,3,65,1,0
2023-10-08,79,17,79,248,0,3,61,1,0
2023-10-09,82,15,82,259,0,5,62,2,0
2023-10-10,75,13,75,290,0,7,48,3,1
2023-10-11,73,14,73,275,0,6,50,2,1
2023-10-12,60,13,60,281,0,6,51,3,1
2023-10-13,49,11,49,235,0,3,53,1,0
2023-10-14,70,14,70,228,0,3,58,1,0
2023-10-15,32,9,32,235,0,3,61,1,0
2023-10-16,34,11,34,314,0,8,70,3,1
2023-10-17,135,91,135,2237,16,74,67,25,19
2023-10-18,103,71,103,1213,6,31,70,11,9
2023-10-19,56,20,56,398,0,12,59,5,2
2023-10-20,82,38,82,990,6,34,44,9,8
2023-10-21,66,25,66,426,0,13,62,5,3
2023-10-22,86,41,86,864,4,28,55,10,8
2023-10-23,97,50,97,1207,12,37,40,10,10
2023-10-24,93,54,93,1284,12,35,45,9,9
2023-10-25,74,40,74,842,4,27,50,7,6
2023-10-26,54,29,54,480,0,15,72,4,2
2023-10-27,73,39,73,795,2,29,69,7,6
2023-10-28,74,45,74,1240,3,47,47,10,11
2023-10-29,90,57,90,1708,14,58,50,13,16
2023-10-30,147,100,147,2612,19,83,50,27,28
2023-10-31,250,169,250,4061,45,109,40,43,46
2023-11-01,263,197,263,3726,31,99,62,34,42
2023-11-02,112,57,112,756,0,25,83,7,8
2023-11-03,118,57,118,592,0,18,84,4,5
2023-11-04,153,94,153,1686,9,54,45,13,16
2023-11-05,218,140,218,2600,16,80,53,22,26
2023-11-06,195,124,195,2429,9,83,30,26,30
2023-11-07,230,167,230,3064,26,81,29,34,34
2023-11-08,164,128,164,2005,12,58,72,20,19
2023-11-09,126,89,126,2259,25,55,58,19,25
2023-11-10,148,99,148,2631,25,69,59,37,31
2023-11-11,227,174,227,3256,22,86,90,28,33
2023-11-12,256,211,256,4028,26,119,66,31,39
2023-11-13,163,106,163,2161,11,58,52,26,26
2023-11-14,136,82,136,1358,1,37,92,22,16
2023-11-15,161,104,161,1754,2,49,77,26,21
2023-11-16,167,109,167,1783,3,50,72,25,21
2023-11-17,159,116,159,2194,9,60,90,22,25
2023-11-18,201,149,201,2628,6,71,79,27,29
2023-11-19,160,113,160,1551,1,38,106,24,19
2023-11-20,163,117,163,1673,1,46,107,28,19
2023-11-21,228,174,228,2789,17,75,91,26,29
2023-11-22,158,111,158,1755,7,60,71,21,16
2023-11-23,374,276,374,4919,49,115,48,55,38
2023-11-24,154,102,154,912,0,20,110,20,9
2023-11-25,79,64,79,957,0,22,107,11,9
2023-11-26,161,132,161,2386,12,60,54,21,26
2023-11-27,188,153,188,2663,16,64,55,24,29
2023-11-28,225,186,225,3564,34,80,39,28,39
2023-11-29,252,205,252,3993,46,82,45,28,41
2023-11-30,260,201,260,4083,42,88,31,36,50
2023-12-01,121,81,121,1254,1,29,88,15,15
2023-12-02,130,87,130,1335,0,30,86,15,16
2023-12-03,240,181,240,3565,32,78,49,31,43
2023-12-04,221,163,221,3105,22,71,44,32,40
2023-12-05,161,110,161,2164,10,52,58,25,29
2023-12-06,160,111,160,2002,5,51,69,26,26
2023-12-07,240,180,240,3219,28,72,50,25,37
2023-12-08,212,143,212,2965,29,71,27,18,25
2023-12-09,349,263,349,3916,38,82,71,45,30
2023-12-10,185,129,185,2216,17,55,43,13,18
2023-12-11,453,356,453,5555,41,143,55,44,40
2023-12-12,286,201,286,2427,6,68,69,42,27
2023-12-13,375,283,375,3584,21,94,54,49,39
2023-12-14,301,230,301,3022,18,72,58,32,35
2023-12-15,252,205,252,2859,21,65,58,19,27
2023-12-16,180,131,180,2218,12,65,61,32,23
2023-12-17,130,87,130,1161,1,29,92,21,14
2023-12-18,169,115,169,1313,0,35,97,28,15
2023-12-19,193,133,193,1851,2,53,77,31,23
2023-12-20,286,216,286,4195,44,98,37,45,50
2023-12-21,317,259,317,4590,39,111,37,38,55
2023-12-22,102,78,102,1577,5,38,67,20,20
2023-12-23,151,116,151,1001,0,19,115,20,8
2023-12-24,251,204,251,3700,38,79,67,35,42
2023-12-25,378,311,378,4926,48,104,55,37,49
2023-12-26,283,224,283,3290,20,77,48,30,34
2023-12-27,205,156,205,1959,1,53,75,33,23
2023-12-28,244,183,244,3239,26,78,53,33,38
2023-12-29,210,156,210,1948,7,48,74,21,20
2023-12-30,193,150,193,1466,1,33,85,20,15
2023-12-31,357,290,357,3629,22,93,63,42,45
2024-01-01,356,289,356,2937,8,70,78,34,30
2024-01-02,415,314,415,4348,20,115,31,45,39
2024-01-03,210,137,210,1359,1,36,87,38,16
2024-01-04,314,237,314,2933,15,81,56,42,33
2024-01-05,186,152,186,1240,0,21,100,22,8
2024-01-06,180,147,180,1201,0,22,100,21,9
2024-01-07,215,174,215,2141,7,52,72,22,25
2024-01-08,242,182,242,1715,2,34,69,19,18
2024-01-10,161,125,161,2193,5,62,54,31,27
2024-01-10,284,226,284,4026,38,91,48,43,48
2024-01-11,405,321,405,5291,50,122,60,55,53
2024-01-12,227,186,227,3070,25,69,42,20,23
2024-01-13,236,176,236,3113,22,80,60,22,26
2024-01-14,420,309,420,4673,42,101,41,33,43
2024-01-15,133,62,133,936,1,31,69,7,8
2024-01-16,328,211,328,2961,19,72,53,38,23
2024-01-17,379,287,379,3683,33,84,74,44,38
2024-01-18,435,323,435,4513,28,123,32,45,53
2024-01-19,363,297,363,3246,10,80,59,21,22
2024-01-20,271,197,271,2476,8,71,50,24,22
2024-01-21,364,306,364,4147,30,94,54,30,37
2024-01-22,324,237,324,4004,34,98,70,38,39
2024-01-23,431,317,431,4471,47,86,53,45,47
2024-01-24,289,209,289,2948,18,77,49,25,26
2024-01-25,318,236,318,2736,12,67,63,32,20
2024-01-26,312,234,312,2336,4,64,86,29,21
2024-01-27,322,258,322,3044,20,60,57,21,28
2024-01-28,54,40,54,1121,7,29,64,8,10
2024-01-29,115,93,115,2279,30,44,47,14,20
2024-01-30,41,23,41,708,1,21,75,6,6
2024-01-31,169,95,169,2086,19,58,57,21,22
2024-02-01,170,86,170,1628,13,45,59,15,16
2024-02-02,153,82,153,1587,10,40,34,10,11
2024-02-03,40,22,40,678,2,18,89,5,5
2024-02-04,108,61,108,1335,8,35,93,15,13
2024-02-05,118,77,118,1850,16,48,68,22,18
2024-02-06,130,93,130,2114,26,42,79,19,21
2024-02-07,133,133,-237,2609,21,62,100,36,33
2024-02-08,262,206,262,3916,43,82,58,27,46
2024-02-09,147,111,147,2140,9,65,69,19,21
2024-02-10,211,149,211,3200,20,84,58,29,41
2024-02-11,209,155,209,2771,13,77,72,29,40
2024-02-12,283,207,283,3819,28,103,36,42,51
2024-02-13,357,277,357,4794,45,111,50,42,62
2024-02-14,478,398,478,5748,42,139,98,41,65
2024-02-15,362,289,362,5073,36,134,57,40,61
2024-02-16,226,176,226,2984,26,71,55,19,37
2024-02-17,51,27,51,352,0,6,89,2,1
2024-02-18,73,34,73,371,0,6,106,2,1
2024-02-19,66,27,66,515,1,13,104,4,4
2024-02-20,59,24,59,499,0,12,110,4,4
2024-02-21,125,87,125,2215,22,53,65,20,31
2024-02-22,241,193,241,3888,44,92,65,30,46
2024-02-23,86,47,86,1108,5,33,100,15,13
2024-02-24,178,112,178,2611,18,75,57,32,31
2024-02-25,62,40,62,861,1,27,113,27,13
2024-02-26,59,41,59,757,0,17,119,14,10
2024-02-27,104,76,104,1498,1,45,111,30,21
2024-02-28,221,151,221,2529,9,78,101,26,33
2024-02-29,88,58,88,879,1,24,92,9,8
2024-03-01,24,7,24,369,0,5,99,4,3
2024-03-02,34,14,34,516,0,13,106,9,6
2024-03-03,128,98,128,2031,16,51,94,23,27
2024-03-04,109,72,109,1762,4,58,74,30,29
2024-03-05,199,148,199,2370,8,70,115,34,34
2024-03-06,129,97,129,1756,10,53,102,21,20
2024-03-07,202,148,202,2774,16,83,100,28,32
2024-03-08,169,125,169,2056,4,63,126,20,25
2024-03-09,112,90,112,1846,3,65,53,18,27
2024-03-10,56,41,56,1009,4,28,77,9,15
2024-03-11,70,52,70,1311,13,32,58,9,12
2024-03-12,86,22,86,435,0,10,94,5,4
2024-03-13,141,93,141,2165,10,71,91,26,29
2024-03-14,115,85,115,1912,4,61,111,20,27
2024-03-15,135,102,135,1993,10,61,105,17,27
2024-03-16,157,111,157,2023,7,62,110,17,29
2024-03-17,264,203,264,3063,19,88,120,23,36
2024-03-18,71,30,71,785,3,26,68,6,9
2024-03-19,137,78,137,1892,18,53,38,13,22
2024-03-20,58,31,58,667,2,20,68,5,8
2024-03-21,78,35,78,475,1,12,78,3,3
2024-03-22,107,38,107,392,0,9,78,2,2
2024-03-23,50,20,50,369,0,7,82,2,2
2024-03-24,60,29,60,700,3,21,65,5,7
2024-03-25,54,29,54,556,2,15,50,4,5
2024-03-26,74,35,74,470,0,12,63,4,3
2024-03-27,36,16,36,490,0,15,103,4,4
2024-03-28,43,17,43,381,0,8,114,4,2
2024-03-29,92,29,92,335,0,4,120,2,1
2024-03-30,331,141,331,1742,10,48,115,14,18
2024-03-31,110,37,110,652,2,21,98,6,6
2024-04-01,103,34,103,390,0,8,101,3,2
2024-04-02,112,38,112,463,0,13,111,3,2
2024-04-03,89,38,89,471,0,12,109,4,2
2024-04-04,67,35,67,382,0,8,140,3,0
2024-04-05,62,32,62,379,0,8,140,3,0
2024-04-06,85,46,85,508,0,13,128,3,1
2024-04-07,107,65,107,997,5,31,99,7,7
2024-04-08,70,39,70,702,2,22,89,5,6
2024-04-09,70,28,70,482,2,14,49,4,3
2024-04-10,99,42,99,704,3,24,51,6,5
2024-04-11,87,36,87,511,1,16,60,5,3
2024-04-12,54,21,54,421,0,12,41,3,2
2024-04-13,46,31,46,1011,13,22,32,9,7
2024-04-14,240,207,240,5652,122,69,0,24,28
2024-04-16,52,36,52,1067,5,35,60,14,12
2024-04-16,124,90,124,2011,15,57,76,17,23
2024-04-17,28,15,28,552,5,12,42,4,4
2024-04-18,27,13,27,308,0,3,135,1,0
2024-04-19,29,8,29,323,0,5,102,2,1
2024-04-20,45,15,45,330,0,5,105,2,1
2024-04-21,49,17,49,339,0,7,75,2,1
2024-04-22,56,19,56,357,0,8,73,2,1
2024-04-23,49,16,49,360,0,7,67,3,1
2024-04-24,62,16,62,362,0,7,51,3,1
2024-04-25,44,14,44,347,0,6,54,2,1
2024-04-26,69,18,69,344,0,6,66,2,1
2024-04-27,70,19,70,371,0,7,57,2,1
2024-04-28,84,23,84,442,1,13,90,6,4
2024-04-29,82,25,82,470,1,14,105,8,5
2024-04-30,122,29,122,422,1,13,105,6,3
2024-05-01,84,39,84,1145,11,35,63,8,10
2024-05-02,50,18,50,433,1,10,51,2,1
2024-05-03,29,13,29,324,0,4,69,1,0
2024-05-04,38,12,38,292,0,4,49,1,0
2024-05-05,62,20,62,348,0,8,78,2,1
2024-05-06,68,24,68,373,1,9,75,2,1
2024-05-07,72,22,72,472,1,13,52,3,2
2024-05-08,70,16,70,420,1,9,40,3,1
2024-05-09,65,15,65,422,2,9,34,3,1
2024-05-10,69,18,69,332,0,6,65,2,1
2024-05-11,79,20,79,479,3,12,55,2,2
2024-05-12,114,30,114,630,4,19,56,4,4
2024-05-13,124,50,124,1027,9,34,77,11,7
2024-05-14,77,20,77,404,1,10,54,3,2
2024-05-15,71,19,71,351,1,9,48,3,1
2024-05-16,73,20,73,325,0,8,50,3,1
2024-05-17,60,17,60,293,0,6,57,2,1
2024-05-18,56,12,56,275,0,5,51,2,1
2024-05-19,65,13,65,295,0,6,47,2,1
2024-05-20,75,16,75,340,1,6,40,2,1
2024-05-21,97,22,97,356,1,7,46,2,1
2024-05-22,103,28,103,337,0,7,62,2,1
2024-05-23,109,29,109,371,1,9,57,2,1
2024-05-24,100,25,100,346,0,7,55,2,1
2024-05-25,117,30,117,303,0,5,62,1,0
2024-05-26,112,33,112,309,0,5,57,2,0
2024-05-27,119,38,119,285,0,4,64,1,0
2024-05-28,110,37,110,300,0,5,64,1,0
2024-05-29,124,45,124,454,1,13,78,2,2
2024-05-30,163,60,163,552,2,17,86,3,3
2024-05-31,196,62,196,356,0,9,77,2,1
2024-06-01,97,25,97,344,1,7,45,2,0
2024-06-02,71,16,71,292,0,4,39,1,0
2024-06-03,77,17,77,267,0,3,41,1,0
2024-06-04,77,18,77,267,0,3,41,1,0
2024-06-05,51,12,51,301,0,5,35,1,0
2024-06-06,57,13,57,314,1,6,31,1,0
2024-06-07,64,15,64,275,0,3,36,1,0
2024-06-08,57,14,57,268,0,3,40,1,0
2024-06-09,57,14,57,273,0,3,40,1,0
2024-06-10,55,13,55,260,0,3,42,1,0
2024-06-11,45,12,45,257,0,3,43,1,0
2024-06-12,78,21,78,265,0,3,42,1,0
2024-06-13,89,24,89,292,0,4,44,1,0
2024-06-14,101,26,101,286,0,4,51,1,0
2024-06-15,95,27,95,240,0,1,52,1,0
2024-06-17,90,24,90,321,1,6,46,2,0
2024-06-17,105,24,105,261,0,3,47,1,0
2024-06-18,136,32,136,275,0,4,48,1,0
2024-06-19,153,41,153,325,0,8,56,2,0
2024-06-20,174,42,174,396,1,12,52,2,1
2024-06-21,180,37,180,425,2,13,37,2,1
2024-06-22,162,33,162,353,1,9,42,2,1
2024-06-23,161,38,161,356,1,9,36,2,1
2024-06-24,169,41,169,333,1,7,37,2,0
2024-06-25,158,43,158,400,2,11,32,3,1
2024-06-26,131,39,131,597,6,19,27,4,2
2024-06-27,124,38,124,950,15,30,16,6,5
2024-06-28,85,37,85,922,9,32,33,10,5
2024-06-29,40,23,40,578,5,15,54,3,2
2024-06-30,98,37,98,271,0,3,47,1,0
2024-07-01,147,43,147,290,0,6,48,1,0
2024-07-02,141,35,141,308,1,6,40,1,0
2024-07-03,163,38,163,264,0,4,43,1,0
2024-07-04,165,35,165,252,0,3,51,1,0
2024-07-05,176,44,176,249,0,3,72,1,0
2024-07-06,167,41,167,261,0,4,57,1,0
2024-07-07,133,34,133,711,12,20,22,4,2
2024-07-08,63,23,63,594,6,21,23,5,2
2024-07-09,68,22,68,331,1,7,36,2,0
2024-07-10,39,14,39,253,0,3,38,1,0
2024-07-11,45,12,45,240,0,2,36,1,0
2024-07-12,80,19,80,248,0,3,41,1,0
2024-07-13,105,25,105,257,0,3,40,1,0
2024-07-14,140,34,140,361,2,10,35,2,0
2024-07-15,134,33,134,345,1,9,38,3,0
2024-07-16,110,32,110,369,1,12,30,2,0
2024-07-17,99,32,99,381,2,11,31,3,1
2024-07-18,28,11,28,345,1,9,37,2,0
2024-07-19,62,24,62,661,7,22,30,4,2
2024-07-20,108,58,108,1177,3,51,94,14,4
2024-07-21,52,31,52,341,0,7,82,3,0
2024-07-24,134,32,134,305,0,7,45,1,0
2024-07-24,144,38,144,315,0,6,53,2,0
2024-07-25,164,42,164,320,0,6,46,1,0
2024-07-26,217,45,217,287,0,4,49,1,0
2024-07-27,214,44,214,409,2,12,36,2,0
2024-07-28,166,39,166,735,12,20,31,6,2
2024-07-29,46,24,46,723,3,29,42,12,3
2024-07-30,11,8,11,429,0,13,48,2,1
2024-07-31,42,16,42,282,0,3,43,1,0
2024-08-01,90,22,90,307,0,6,35,1,0
2024-08-02,80,22,80,319,0,5,38,1,0
2024-08-03,82,25,82,342,0,6,37,1,0
2024-08-04,50,18,50,422,1,-405,31,3,1
2024-08-05,32,12,32,292,0,5,36,1,0
2024-08-06,21,7,21,269,0,3,38,1,0
2024-08-07,25,12,25,308,0,5,37,1,0
2024-08-08,32,15,32,313,0,5,38,1,0
2024-08-09,30,9,30,256,0,2,35,1,0
2024-08-10,33,11,33,260,0,-414,38,1,0
2024-08-11,46,13,46,311,0,5,34,1,0
2024-08-12,63,17,63,391,2,10,26,2,1
2024-08-13,53,15,53,291,0,6,27,2,0
2024-08-14,38,12,38,297,0,6,30,2,0
2024-08-15,33,11,33,296,0,6,26,2,0
2024-08-16,32,10,32,295,0,5,28,1,0
2024-08-17,30,10,30,276,0,4,31,1,0
2024-08-18,17,11,17,304,1,5,33,2,0
2024-08-19,23,10,23,276,0,3,31,1,0
2024-08-20,22,9,22,309,0,5,30,1,0
2024-08-21,31,10,31,338,0,5,34,2,0
2024-08-22,41,12,41,349,0,5,36,2,0
2024-08-23,43,14,43,309,0,3,36,1,0
2024-08-24,57,15,57,294,0,3,37,1,0
2024-08-25,74,21,74,332,0,7,38,2,1
2024-08-26,93,29,93,765,9,25,13,6,4
2024-08-27,88,34,88,554,0,17,50,6,2
2024-08-28,69,30,69,661,4,22,29,5,2
2024-08-29,18,12,18,486,0,13,42,6,1
2024-08-30,19,14,19,329,0,7,30,3,0
2024-08-31,28,16,28,413,2,11,23,6,2
2024-09-01,65,45,65,1422,24,32,27,12,9
2024-09-02,28,18,28,709,6,20,23,6,5
2024-09-03,22,10,22,414,0,11,28,3,2
2024-09-04,28,12,28,346,0,6,38,2,0
2024-09-05,39,13,39,327,0,6,40,2,0
2024-09-06,36,11,36,360,1,7,37,2,1
2024-09-07,25,9,25,363,1,7,35,2,1
2024-09-08,28,9,28,265,0,2,38,1,0
2024-09-10,80,24,80,448,1,14,46,3,1
2024-09-10,216,43,216,540,3,16,59,4,3
2024-09-11,179,31,179,318,0,7,62,2,1
2024-09-12,81,20,81,264,0,4,52,1,0
2024-09-13,86,20,86,237,0,2,61,1,0
2024-09-14,48,13,48,256,0,4,59,1,0
2024-09-15,51,14,51,291,0,6,55,2,1
2024-09-16,59,16,59,328,1,8,50,3,1
2024-09-17,73,19,73,361,1,10,49,3,1
2024-09-18,79,22,79,471,3,14,48,4,2
2024-09-19,75,19,75,338,1,9,51,3,1
2024-09-20,70,17,70,277,0,5,59,2,0
2024-09-21,69,16,69,263,0,4,58,1,0
2024-09-22,69,17,69,269,0,5,56,2,0
2024-09-23,64,17,64,284,0,6,56,2,0
2024-09-24,59,17,59,321,1,8,52,3,1
2024-09-25,68,16,68,308,0,6,49,2,1
2024-09-26,73,17,73,307,0,6,47,2,1
2024-09-27,58,15,58,272,0,4,52,1,0
2024-09-28,68,14,68,333,0,7,51,2,1
2024-09-29,33,8,33,377,0,8,38,3,1
2024-09-30,17,6,17,375,0,7,36,3,1
2024-10-01,36,11,36,358,0,7,43,2,1
2024-10-02,46,12,46,329,0,5,47,2,1
2024-10-03,50,12,50,334,0,5,45,2,1
2024-10-04,50,11,50,349,0,6,38,2,1
2024-10-05,48,13,48,486,2,12,35,3,3
2024-10-06,71,32,71,1066,9,33,33,10,10
2024-10-07,66,35,66,1154,9,35,40,9,12
2024-10-08,66,32,66,945,3,34,51,8,9
2024-10-09,119,50,119,1515,12,50,32,11,15
2024-10-10,157,90,157,1700,5,57,87,14,17
2024-10-11,206,137,206,2285,7,68,64,15,19
2024-10-12,169,115,169,2388,19,79,20,18,21
2024-10-13,136,87,136,1973,6,71,38,35,20
2024-10-14,212,159,212,2494,15,66,133,25,21
2024-10-15,97,68,97,759,1,19,95,6,4
2024-10-16,62,34,62,666,1,19,70,4,4
2024-10-17,91,61,91,1930,27,48,28,11,15
2024-10-18,109,67,109,1856,18,53,53,12,16
2024-10-19,66,33,66,690,1,22,66,5,5
2024-10-20,70,31,70,617,1,21,58,6,5
2024-10-21,85,38,85,657,1,22,74,7,5
2024-10-22,111,65,111,1120,3,38,62,9,9
2024-10-23,174,125,174,2604,19,86,60,18,21
2024-10-24,89,48,89,1120,4,38,53,8,9
2024-10-25,79,30,79,646,1,21,63,4,4
2024-10-26,143,63,143,1346,8,48,37,8,11
2024-10-27,212,84,212,914,3,34,56,6,8
2024-10-28,235,70,235,715,2,25,67,6,5
2024-10-29,256,77,256,541,0,18,74,4,4
2024-10-30,211,83,211,1491,16,46,41,12,14
2024-10-31,148,66,148,1220,9,37,56,9,11
2024-11-01,95,37,95,526,0,15,78,4,4
2024-11-02,109,55,109,1261,8,41,51,9,13
2024-11-03,173,114,173,2162,10,73,51,23,20
2024-11-04,129,87,129,1939,21,46,42,14,17
2024-11-05,100,70,100,1478,10,41,52,12,14
2024-11-06,73,38,73,657,0,21,65,6,5
2024-11-07,69,34,69,618,0,20,61,5,5
2024-11-08,62,30,62,501,0,14,66,4,4
2024-11-09,82,36,82,587,1,17,62,4,4
2024-11-10,141,57,141,841,4,24,57,7,7
2024-11-11,188,85,188,1450,15,36,48,10,12
2024-11-12,202,116,202,2042,21,53,39,15,17
2024-11-13,148,96,148,1973,15,56,45,16,17
2024-11-14,100,66,100,1350,8,39,63,13,13
2024-11-15,110,57,110,1148,7,33,60,8,9
2024-11-16,198,127,198,2263,6,72,75,20,15
2024-11-17,292,205,292,3547,10,117,63,46,32
2024-11-18,287,213,287,3820,18,113,66,36,38
2024-11-19,185,134,185,2732,17,76,50,25,27
2024-11-20,145,105,145,2223,20,55,44,14,14
2024-11-21,108,77,108,1648,13,45,56,12,12
2024-11-22,74,51,74,1120,6,33,59,8,9
2024-11-23,139,103,139,2256,15,65,52,15,15
2024-11-24,219,160,219,3021,11,97,54,44,30
2024-11-25,183,132,183,2414,24,55,39,15,24
2024-11-26,188,134,188,2628,30,53,30,13,16
2024-11-27,212,165,212,3292,45,61,31,16,14
